,Monthly,Day Ahead,Day Ahead (sell),HOOVER
0,0.5685818067316667,0.3630594259452935,0.1560875347653265,0.06835876732303979
