,crss_1,crss_1,crss_1,crss_6,crss_6,crss_6,crss_13,crss_13,crss_13,crss_16,crss_16,crss_16
,10.2MW_solar_PPA,full_PPAS,52.5MW_solar_PPA,10.2MW_solar_PPA,full_PPAS,52.5MW_solar_PPA,10.2MW_solar_PPA,full_PPAS,52.5MW_solar_PPA,10.2MW_solar_PPA,full_PPAS,52.5MW_solar_PPA
2023,40615075.02240243,40091170.45615575,40961261.557735756,34231409.750989735,36119702.84671818,37412467.90307939,40615075.02240243,40091170.45615575,40961261.557735756,40615075.02240243,40091170.45615575,40961261.557735756
2024,57930054.32224969,56955107.810619496,55725774.51588408,61697318.44260436,59992234.29673489,58762901.00199939,55022565.587008245,53651858.963378176,52422525.668642774,57930054.32224969,56955107.810619496,55725774.51588408
2025,40457505.0818208,40369919.023331076,40291366.504506215,56278546.510343954,56600205.46177461,57509302.25301581,41054739.57332073,40967153.51483102,40888600.99600616,43934757.95233991,43847171.8938502,43768619.375025325
2026,35745143.10229107,36080953.918230444,36382129.53790699,48937747.15475424,50774583.96842984,51563104.8034042,35853093.657765806,36188904.47370518,36490080.09338173,38825733.59287548,39161544.40881483,39462720.0284914
2027,35735100.09347331,36156644.52177198,36534711.273609385,52013708.79342854,54201335.19931195,54715260.75369027,35572059.90705908,35993604.33535777,36371671.08719514,36643733.000795856,37598487.597708024,37976554.34954541
2028,48368174.499587804,48794734.02076976,48736340.583723456,54537517.37296203,54709778.65465178,56377167.99761872,47494265.894316606,47192984.0572399,46922776.13161058,47676521.85791529,47375240.02083867,47105032.09520935
2029,58520491.3941875,58275758.69427753,57468410.33750304,62380498.66069541,60971089.58586821,62829028.65152523,51613640.034910545,50720385.296087235,49919259.96978836,60769515.92378662,60523645.974771865,59716297.61799736
