,crss_1,crss_1,crss_1,crss_6,crss_6,crss_6,crss_13,crss_13,crss_13,crss_16,crss_16,crss_16
,10.2MW_solar_PPA,full_PPAS,52.5MW_solar_PPA,10.2MW_solar_PPA,full_PPAS,52.5MW_solar_PPA,10.2MW_solar_PPA,full_PPAS,52.5MW_solar_PPA,10.2MW_solar_PPA,full_PPAS,52.5MW_solar_PPA
2023,23877642.333900522,20583981.41856748,18257654.86565194,21229486.45242254,17315303.79259378,14930007.628487544,23877642.333900522,20583981.41856748,18257654.86565194,23877642.333900522,20583981.41856748,18257654.86565194
2024,19807674.968659766,17576922.940152876,15634105.805624265,20316776.98634749,17901296.94916129,15958479.814632665,19136256.653386164,16970015.548386782,15027198.41385815,19807674.968659766,17576922.940152876,15634105.805624265
2025,18317398.35068747,16352139.216652427,14589574.970881084,27403270.587572314,24212487.57192716,22528324.316632587,18878107.89769183,16912848.763656795,15150284.517885454,19697185.863152236,17731926.729117185,15969362.483345859
2026,22440380.139051046,20049887.8505772,17905948.578403357,41368121.28665454,37512482.8454353,35021414.49074857,22484554.949445166,20094062.660971317,17950123.388797462,24289671.90865674,21899179.62018288,19755240.348009042
2027,22684452.67907289,20051330.196554586,17689785.369183898,37225009.56252107,33348122.917921416,30793251.14953316,22406290.534215413,19773168.0516971,17411623.22432641,22588044.28014923,19827049.96900483,17465505.14163413
2028,27637913.082639657,25007653.14448178,22816789.47495024,40799975.752945475,36778489.287857994,34138426.2482126,24877112.412406392,22155997.1131819,19715534.96141106,25021789.835934132,22300674.53670965,19860212.38493882
2029,24520134.7081599,22442230.19146535,20857017.218313046,36911430.731217526,32834577.231090404,29914332.231326405,24415487.261030287,22191788.17813093,20197439.22485795,25675269.77486874,23672134.219848,22086921.246695694
