,crss_6,crss_6,crss_13,crss_13,crss_16,crss_16
,10.2MW_solar_PPA,+100MW_PPA,10.2MW_solar_PPA,+100MW_PPA,10.2MW_solar_PPA,+100MW_PPA
2023,34231409.750989735,51902369.217056066,40615075.02240243,50705736.10697547,40615075.02240243,50705736.10697547
2024,61697318.44260436,67630179.90974104,55022565.587008245,60519655.87663758,57930054.32224969,63970659.50093773
2025,56278546.510343954,71841092.23091812,41054739.57332073,52660369.880718,43934757.95233991,55870682.759571545
2026,48937747.15475424,68532461.23308457,35853093.657765806,50178984.52452208,38825733.59287548,53494240.905507095
2027,52013708.79342854,70303263.29144625,35572059.90705908,48048537.82499125,36643733.000795856,50857204.37863049
2028,54537517.37296203,72987351.78612636,47494265.894316606,57938381.43884269,47676521.85791529,58118394.31806179
2029,62380498.66069541,78699717.52870247,51613640.034910545,56055545.70906898,60769515.92378662,65537878.94687623
